{"cameraMode":{"drawMode":0,"name":"Shaded","section":"Shading Mode"},"sceneLighting":false,"audioPlay":false,"sceneViewState":{"m_AlwaysRefresh":false,"showFog":true,"showSkybox":false,"showFlares":true,"showImageEffects":true,"showParticleSystems":true,"showVisualEffectGraphs":true,"m_FxEnabled":true},"in2DMode":false,"pivot":{"x":10.504396438598633,"y":3.8452987670898439,"z":1.6573067903518677},"rotation":{"x":0.11805595457553864,"y":-0.7720496654510498,"z":0.15031804144382478,"w":0.6062183976173401},"size":2.607083320617676,"orthographic":false}