{"cameraMode":{"drawMode":0,"name":"Shaded","section":"Shading Mode"},"sceneLighting":true,"audioPlay":false,"sceneViewState":{"m_AlwaysRefresh":false,"showFog":true,"showSkybox":false,"showFlares":true,"showImageEffects":true,"showParticleSystems":true,"showVisualEffectGraphs":true,"m_FxEnabled":true},"in2DMode":false,"pivot":{"x":126.30528259277344,"y":21.373031616210939,"z":15.403307914733887},"rotation":{"x":0.00005124727977090515,"y":0.9996238350868225,"z":-0.02849607914686203,"w":0.0033186827786266805},"size":7.9072394371032719,"orthographic":true}